id,name,description,category,image_url,location,estimated_time,safety_level,model,steps,warning
1,Monitor has no power,The monitor does not turn on and no power light appears.,Monitor,,Power button and power cable,2–5 minutes,safe,Dell P-series and U-series monitors,Press the monitor power button once|Make sure the power cable is firmly connected to the monitor and wall outlet|Test the wall outlet with another device|Disconnect the power cable for 30 seconds then reconnect it,Stop if the cable or monitor looks damaged or smells unusual.
2,Monitor shows no signal,The monitor turns on but says no signal or stays blank.,Monitor,,Video cable and input controls,3–7 minutes,safe,Dell monitors using HDMI or DisplayPort,Make sure the laptop or desktop is awake|Reconnect the video cable at both ends|Use the monitor input button to select the connected HDMI or DisplayPort input|Restart the computer with the monitor connected,Do not force a cable into a port. Contact IT if a port is bent or damaged.
3,Monitor picture flickers,The screen flashes or the picture appears unstable.,Monitor,,Video cable and display settings,5–10 minutes,safe,Dell P-series and U-series monitors,Reconnect the video cable at both ends|Remove any loose adapter and reconnect it|Restart the computer|Try another approved cable if one is available,Stop if the screen is cracked or the monitor becomes unusually hot.
4,Docking station is not detected,The laptop does not recognize the dock after it is connected.,Dock,,USB-C or Thunderbolt connection,3–7 minutes,safe,Dell WD19 WD19S and WD22TB4,Disconnect the dock cable from the laptop|Disconnect power from the dock for 30 seconds|Reconnect dock power|Reconnect the dock cable directly to the laptop|Restart the laptop if the dock is still not detected,Use the approved power adapter and contact IT if the connector is loose or damaged.
5,External monitors do not work through the dock,The dock is connected but one or more external displays stay blank.,Dock,,Dock video ports and laptop connection,5–10 minutes,safe,Dell WD19 WD19S and WD22TB4,Confirm the monitors have power|Reconnect each video cable|Reconnect the dock cable to the laptop|Open display settings and check for the external displays|Restart the laptop with the dock connected,Contact IT if the dock or a cable is damaged.
6,USB device does not work through the dock,A keyboard mouse or other USB device is not responding through the dock.,Dock,,Dock USB ports,3–5 minutes,safe,Dell WD19 WD19S and WD22TB4,Disconnect and reconnect the USB device|Try another USB port on the dock|Reconnect the dock cable to the laptop|Restart the laptop,Do not connect unknown or damaged USB devices.
7,Laptop will not power on,The laptop does not start when the power button is pressed.,Laptop,,Power button and AC adapter,5–10 minutes,safe,Dell Latitude laptops,Disconnect the dock and other accessories|Connect the approved AC adapter directly to the laptop|Check whether the charging or power light appears|Hold the power button for 15 seconds then release it|Press the power button normally,Stop and contact IT if the laptop is swollen smoking wet or unusually hot.
8,Laptop battery is not charging,The laptop runs from the adapter but the battery percentage does not increase.,Laptop,,Battery icon and AC adapter,5–10 minutes,safe,Dell Latitude laptops,Check that the adapter is connected firmly at the wall and laptop|Reconnect the adapter|Restart the laptop|Check the battery icon again after a few minutes,Do not continue if the battery case is swollen. Disconnect power and contact IT.
9,Laptop shows a blinking diagnostic light,The laptop repeats an amber or white light pattern instead of starting normally.,Laptop,,Battery or power status light,2–5 minutes,contact_it,Dell Latitude laptops,Write down the color and number of blinks|Disconnect accessories but leave the approved power adapter connected|Try to start the laptop one more time|Contact IT and report the light pattern,Do not open the laptop or remove internal parts.
